T_K,T_C,inv_T,x_exp,x_calc,ln_x_exp,ln_x_calc,residual,abs_residual,relative_deviation,rd_percent,abs_rd_percent,tau_12,tau_21,G_12,G_21,gamma_1,ln_gamma_1,temp_group
2.8e+02,1.0e+01,3.5e-03,7.1e-05,6.7e-05,-9.5e+00,-9.6e+00,-4.8e-06,4.8e-06,-6.7e-02,-6.7e-02,6.7e+00,6.7e+00,5.0e+00,1.4e-01,2.2e-01,3.6e+02,5.9e+00,低温(280-295K)
2.9e+02,1.5e+01,3.5e-03,9.2e-05,9.2e-05,-9.3e+00,-9.3e+00,4.2e-07,4.2e-07,4.6e-03,4.6e-03,4.6e-01,6.5e+00,4.9e+00,1.4e-01,2.3e-01,3.4e+02,5.8e+00,低温(280-295K)
2.9e+02,2.0e+01,3.4e-03,1.5e-04,1.3e-04,-8.8e+00,-9.0e+00,-2.1e-05,2.1e-05,-1.4e-01,-1.4e-01,1.4e+01,6.4e+00,4.8e+00,1.5e-01,2.4e-01,3.1e+02,5.7e+00,低温(280-295K)
3.0e+02,2.5e+01,3.4e-03,1.7e-04,1.7e-04,-8.7e+00,-8.7e+00,1.4e-06,1.4e-06,8.3e-03,8.3e-03,8.3e-01,6.3e+00,4.7e+00,1.5e-01,2.4e-01,2.9e+02,5.7e+00,高温(310-325K)
3.0e+02,3.0e+01,3.3e-03,2.2e-04,2.3e-04,-8.4e+00,-8.4e+00,1.2e-05,1.2e-05,5.6e-02,5.6e-02,5.6e+00,6.2e+00,4.7e+00,1.6e-01,2.5e-01,2.7e+02,5.6e+00,高温(310-325K)
3.1e+02,3.5e+01,3.2e-03,2.9e-04,3.1e-04,-8.1e+00,-8.1e+00,1.8e-05,1.8e-05,6.3e-02,6.3e-02,6.3e+00,6.1e+00,4.6e+00,1.6e-01,2.5e-01,2.6e+02,5.6e+00,高温(310-325K)
3.1e+02,4.0e+01,3.2e-03,3.5e-04,4.1e-04,-8.0e+00,-7.8e+00,5.6e-05,5.6e-05,1.6e-01,1.6e-01,1.6e+01,6.0e+00,4.5e+00,1.6e-01,2.6e-01,2.4e+02,5.5e+00,中温(295-310K)
3.2e+02,4.5e+01,3.1e-03,5.0e-04,5.3e-04,-7.6e+00,-7.5e+00,3.5e-05,3.5e-05,7.0e-02,7.0e-02,7.0e+00,5.9e+00,4.4e+00,1.7e-01,2.6e-01,2.3e+02,5.4e+00,中温(295-310K)
3.2e+02,5.0e+01,3.1e-03,9.8e-04,6.9e-04,-6.9e+00,-7.3e+00,-2.9e-04,2.9e-04,-3.0e-01,-3.0e-01,3.0e+01,5.8e+00,4.4e+00,1.7e-01,2.7e-01,2.1e+02,5.4e+00,中温(295-310K)
